BufferA.Adc1Ch0[0], 0x7DC0,7DC0,7DC,7D,01111101,C,1100,0111110111,0,111110111,503,0.982421875,0.982421875,,Resolucion,0.001953125
BufferA.Adc1Ch0[1], 0x6BC0,6BC0,6BC,6B,01101011,C,1100,0110101111,0,110101111,431,0.841796875,0.841796875,,,
BufferA.Adc1Ch0[2], 0x4940,4940,494,49,01001001,4,0100,0100100101,0,100100101,293,0.572265625,0.572265625,,,
BufferA.Adc1Ch0[3], 0x1BC0,1BC0,1BC,1B,00011011,C,1100,0001101111,0,001101111,111,0.216796875,0.216796875,,,
BufferA.Adc1Ch0[4], 0xE9C0,E9C0,E9C,E9,11101001,C,1100,1110100111,1,110100111,423,0.826171875,-0.173828125,,,
BufferA.Adc1Ch0[5], 0xBB40,BB40,BB4,BB,10111011,4,0100,1011101101,1,011101101,237,0.462890625,-0.537109375,,,
BufferA.Adc1Ch0[6], 0x9740,9740,974,97,10010111,4,0100,1001011101,1,001011101,93,0.181640625,-0.818359375,,,
BufferA.Adc1Ch0[7], 0x8340,8340,834,83,10000011,4,0100,1000001101,1,000001101,13,0.025390625,-0.974609375,,,
BufferA.Adc1Ch0[8], 0x8240,8240,824,82,10000010,4,0100,1000001001,1,000001001,9,0.017578125,-0.982421875,,,
BufferA.Adc1Ch0[9], 0x9440,9440,944,94,10010100,4,0100,1001010001,1,001010001,81,0.158203125,-0.841796875,,,
BufferA.Adc1Ch0[10], 0xB6C0,B6C0,B6C,B6,10110110,C,1100,1011011011,1,011011011,219,0.427734375,-0.572265625,,,
BufferA.Adc1Ch0[11], 0xE440,E440,E44,E4,11100100,4,0100,1110010001,1,110010001,401,0.783203125,-0.216796875,,,
BufferA.Adc1Ch0[12], 0x1640,1640,164,16,00010110,4,0100,0001011001,0,001011001,89,0.173828125,0.173828125,,,
BufferA.Adc1Ch0[13], 0x44C0,44C0,44C,44,01000100,C,1100,0100010011,0,100010011,275,0.537109375,0.537109375,,,
BufferA.Adc1Ch0[14], 0x68C0,68C0,68C,68,01101000,C,1100,0110100011,0,110100011,419,0.818359375,0.818359375,,,
BufferA.Adc1Ch0[15], 0x7CC0,7CC0,7CC,7C,01111100,C,1100,0111110011,0,111110011,499,0.974609375,0.974609375,,,
BufferA.Adc1Ch0[16], 0x7DC0,7DC0,7DC,7D,01111101,C,1100,0111110111,0,111110111,503,0.982421875,0.982421875,,,
BufferA.Adc1Ch0[17], 0x6BC0,6BC0,6BC,6B,01101011,C,1100,0110101111,0,110101111,431,0.841796875,0.841796875,,,
BufferA.Adc1Ch0[18], 0x4940,4940,494,49,01001001,4,0100,0100100101,0,100100101,293,0.572265625,0.572265625,,,
BufferA.Adc1Ch0[19], 0x1BC0,1BC0,1BC,1B,00011011,C,1100,0001101111,0,001101111,111,0.216796875,0.216796875,,,
BufferA.Adc1Ch0[20], 0xE9C0,E9C0,E9C,E9,11101001,C,1100,1110100111,1,110100111,423,0.826171875,-0.173828125,,,
BufferA.Adc1Ch0[21], 0xBB40,BB40,BB4,BB,10111011,4,0100,1011101101,1,011101101,237,0.462890625,-0.537109375,,,
BufferA.Adc1Ch0[22], 0x9740,9740,974,97,10010111,4,0100,1001011101,1,001011101,93,0.181640625,-0.818359375,,,
BufferA.Adc1Ch0[23], 0x8340,8340,834,83,10000011,4,0100,1000001101,1,000001101,13,0.025390625,-0.974609375,,,
BufferA.Adc1Ch0[24], 0x8240,8240,824,82,10000010,4,0100,1000001001,1,000001001,9,0.017578125,-0.982421875,,,
BufferA.Adc1Ch0[25], 0x9440,9440,944,94,10010100,4,0100,1001010001,1,001010001,81,0.158203125,-0.841796875,,,
BufferA.Adc1Ch0[26], 0xB6C0,B6C0,B6C,B6,10110110,C,1100,1011011011,1,011011011,219,0.427734375,-0.572265625,,,
BufferA.Adc1Ch0[27], 0xE440,E440,E44,E4,11100100,4,0100,1110010001,1,110010001,401,0.783203125,-0.216796875,,,
BufferA.Adc1Ch0[28], 0x1640,1640,164,16,00010110,4,0100,0001011001,0,001011001,89,0.173828125,0.173828125,,,
BufferA.Adc1Ch0[29], 0x44C0,44C0,44C,44,01000100,C,1100,0100010011,0,100010011,275,0.537109375,0.537109375,,,
BufferA.Adc1Ch0[30], 0x68C0,68C0,68C,68,01101000,C,1100,0110100011,0,110100011,419,0.818359375,0.818359375,,,
BufferA.Adc1Ch0[31], 0x7CC0,7CC0,7CC,7C,01111100,C,1100,0111110011,0,111110011,499,0.974609375,0.974609375,,,
BufferA.Adc1Ch0[32], 0x7DC0,7DC0,7DC,7D,01111101,C,1100,0111110111,0,111110111,503,0.982421875,0.982421875,,,
BufferA.Adc1Ch0[33], 0x6BC0,6BC0,6BC,6B,01101011,C,1100,0110101111,0,110101111,431,0.841796875,0.841796875,,,
BufferA.Adc1Ch0[34], 0x4940,4940,494,49,01001001,4,0100,0100100101,0,100100101,293,0.572265625,0.572265625,,,
BufferA.Adc1Ch0[35], 0x1BC0,1BC0,1BC,1B,00011011,C,1100,0001101111,0,001101111,111,0.216796875,0.216796875,,,
BufferA.Adc1Ch0[36], 0xE9C0,E9C0,E9C,E9,11101001,C,1100,1110100111,1,110100111,423,0.826171875,-0.173828125,,,
BufferA.Adc1Ch0[37], 0xBB40,BB40,BB4,BB,10111011,4,0100,1011101101,1,011101101,237,0.462890625,-0.537109375,,,
BufferA.Adc1Ch0[38], 0x9740,9740,974,97,10010111,4,0100,1001011101,1,001011101,93,0.181640625,-0.818359375,,,
BufferA.Adc1Ch0[39], 0x8340,8340,834,83,10000011,4,0100,1000001101,1,000001101,13,0.025390625,-0.974609375,,,
BufferA.Adc1Ch0[40], 0x8240,8240,824,82,10000010,4,0100,1000001001,1,000001001,9,0.017578125,-0.982421875,,,
BufferA.Adc1Ch0[41], 0x9440,9440,944,94,10010100,4,0100,1001010001,1,001010001,81,0.158203125,-0.841796875,,,
BufferA.Adc1Ch0[42], 0xB6C0,B6C0,B6C,B6,10110110,C,1100,1011011011,1,011011011,219,0.427734375,-0.572265625,,,
BufferA.Adc1Ch0[43], 0xE440,E440,E44,E4,11100100,4,0100,1110010001,1,110010001,401,0.783203125,-0.216796875,,,
BufferA.Adc1Ch0[44], 0x1640,1640,164,16,00010110,4,0100,0001011001,0,001011001,89,0.173828125,0.173828125,,,
BufferA.Adc1Ch0[45], 0x44C0,44C0,44C,44,01000100,C,1100,0100010011,0,100010011,275,0.537109375,0.537109375,,,
BufferA.Adc1Ch0[46], 0x68C0,68C0,68C,68,01101000,C,1100,0110100011,0,110100011,419,0.818359375,0.818359375,,,
BufferA.Adc1Ch0[47], 0x7CC0,7CC0,7CC,7C,01111100,C,1100,0111110011,0,111110011,499,0.974609375,0.974609375,,,
BufferA.Adc1Ch0[48], 0x7DC0,7DC0,7DC,7D,01111101,C,1100,0111110111,0,111110111,503,0.982421875,0.982421875,,,
BufferA.Adc1Ch0[49], 0x6BC0,6BC0,6BC,6B,01101011,C,1100,0110101111,0,110101111,431,0.841796875,0.841796875,,,
BufferA.Adc1Ch0[50], 0x4940,4940,494,49,01001001,4,0100,0100100101,0,100100101,293,0.572265625,0.572265625,,,
BufferA.Adc1Ch0[51], 0x1BC0,1BC0,1BC,1B,00011011,C,1100,0001101111,0,001101111,111,0.216796875,0.216796875,,,
BufferA.Adc1Ch0[52], 0xE9C0,E9C0,E9C,E9,11101001,C,1100,1110100111,1,110100111,423,0.826171875,-0.173828125,,,
BufferA.Adc1Ch0[53], 0xBB40,BB40,BB4,BB,10111011,4,0100,1011101101,1,011101101,237,0.462890625,-0.537109375,,,
BufferA.Adc1Ch0[54], 0x9740,9740,974,97,10010111,4,0100,1001011101,1,001011101,93,0.181640625,-0.818359375,,,
BufferA.Adc1Ch0[55], 0x8340,8340,834,83,10000011,4,0100,1000001101,1,000001101,13,0.025390625,-0.974609375,,,
BufferA.Adc1Ch0[56], 0x8240,8240,824,82,10000010,4,0100,1000001001,1,000001001,9,0.017578125,-0.982421875,,,
BufferA.Adc1Ch0[57], 0x9440,9440,944,94,10010100,4,0100,1001010001,1,001010001,81,0.158203125,-0.841796875,,,
BufferA.Adc1Ch0[58], 0xB6C0,B6C0,B6C,B6,10110110,C,1100,1011011011,1,011011011,219,0.427734375,-0.572265625,,,
BufferA.Adc1Ch0[59], 0xE440,E440,E44,E4,11100100,4,0100,1110010001,1,110010001,401,0.783203125,-0.216796875,,,
BufferA.Adc1Ch0[60], 0x1640,1640,164,16,00010110,4,0100,0001011001,0,001011001,89,0.173828125,0.173828125,,,
BufferA.Adc1Ch0[61], 0x44C0,44C0,44C,44,01000100,C,1100,0100010011,0,100010011,275,0.537109375,0.537109375,,,
BufferA.Adc1Ch0[62], 0x68C0,68C0,68C,68,01101000,C,1100,0110100011,0,110100011,419,0.818359375,0.818359375,,,
BufferA.Adc1Ch0[63], 0x7CC0,7CC0,7CC,7C,01111100,C,1100,0111110011,0,111110011,499,0.974609375,0.974609375,,,
BufferA.Adc1Ch0[64], 0x7DC0,7DC0,7DC,7D,01111101,C,1100,0111110111,0,111110111,503,0.982421875,0.982421875,,,
BufferA.Adc1Ch0[65], 0x6BC0,6BC0,6BC,6B,01101011,C,1100,0110101111,0,110101111,431,0.841796875,0.841796875,,,
BufferA.Adc1Ch0[66], 0x4940,4940,494,49,01001001,4,0100,0100100101,0,100100101,293,0.572265625,0.572265625,,,
BufferA.Adc1Ch0[67], 0x1BC0,1BC0,1BC,1B,00011011,C,1100,0001101111,0,001101111,111,0.216796875,0.216796875,,,
BufferA.Adc1Ch0[68], 0xE9C0,E9C0,E9C,E9,11101001,C,1100,1110100111,1,110100111,423,0.826171875,-0.173828125,,,
BufferA.Adc1Ch0[69], 0xBB40,BB40,BB4,BB,10111011,4,0100,1011101101,1,011101101,237,0.462890625,-0.537109375,,,
BufferA.Adc1Ch0[70], 0x9740,9740,974,97,10010111,4,0100,1001011101,1,001011101,93,0.181640625,-0.818359375,,,
BufferA.Adc1Ch0[71], 0x8340,8340,834,83,10000011,4,0100,1000001101,1,000001101,13,0.025390625,-0.974609375,,,
BufferA.Adc1Ch0[72], 0x8240,8240,824,82,10000010,4,0100,1000001001,1,000001001,9,0.017578125,-0.982421875,,,
BufferA.Adc1Ch0[73], 0x9440,9440,944,94,10010100,4,0100,1001010001,1,001010001,81,0.158203125,-0.841796875,,,
BufferA.Adc1Ch0[74], 0xB6C0,B6C0,B6C,B6,10110110,C,1100,1011011011,1,011011011,219,0.427734375,-0.572265625,,,
BufferA.Adc1Ch0[75], 0xE440,E440,E44,E4,11100100,4,0100,1110010001,1,110010001,401,0.783203125,-0.216796875,,,
BufferA.Adc1Ch0[76], 0x1640,1640,164,16,00010110,4,0100,0001011001,0,001011001,89,0.173828125,0.173828125,,,
BufferA.Adc1Ch0[77], 0x44C0,44C0,44C,44,01000100,C,1100,0100010011,0,100010011,275,0.537109375,0.537109375,,,
BufferA.Adc1Ch0[78], 0x68C0,68C0,68C,68,01101000,C,1100,0110100011,0,110100011,419,0.818359375,0.818359375,,,
BufferA.Adc1Ch0[79], 0x7CC0,7CC0,7CC,7C,01111100,C,1100,0111110011,0,111110011,499,0.974609375,0.974609375,,,
BufferA.Adc1Ch0[80], 0x7DC0,7DC0,7DC,7D,01111101,C,1100,0111110111,0,111110111,503,0.982421875,0.982421875,,,
BufferA.Adc1Ch0[81], 0x6BC0,6BC0,6BC,6B,01101011,C,1100,0110101111,0,110101111,431,0.841796875,0.841796875,,,
BufferA.Adc1Ch0[82], 0x4940,4940,494,49,01001001,4,0100,0100100101,0,100100101,293,0.572265625,0.572265625,,,
BufferA.Adc1Ch0[83], 0x1BC0,1BC0,1BC,1B,00011011,C,1100,0001101111,0,001101111,111,0.216796875,0.216796875,,,
BufferA.Adc1Ch0[84], 0xE9C0,E9C0,E9C,E9,11101001,C,1100,1110100111,1,110100111,423,0.826171875,-0.173828125,,,
BufferA.Adc1Ch0[85], 0xBB40,BB40,BB4,BB,10111011,4,0100,1011101101,1,011101101,237,0.462890625,-0.537109375,,,
BufferA.Adc1Ch0[86], 0x9740,9740,974,97,10010111,4,0100,1001011101,1,001011101,93,0.181640625,-0.818359375,,,
BufferA.Adc1Ch0[87], 0x8340,8340,834,83,10000011,4,0100,1000001101,1,000001101,13,0.025390625,-0.974609375,,,
BufferA.Adc1Ch0[88], 0x8240,8240,824,82,10000010,4,0100,1000001001,1,000001001,9,0.017578125,-0.982421875,,,
BufferA.Adc1Ch0[89], 0x9440,9440,944,94,10010100,4,0100,1001010001,1,001010001,81,0.158203125,-0.841796875,,,
BufferA.Adc1Ch0[90], 0xB6C0,B6C0,B6C,B6,10110110,C,1100,1011011011,1,011011011,219,0.427734375,-0.572265625,,,
BufferA.Adc1Ch0[91], 0xE440,E440,E44,E4,11100100,4,0100,1110010001,1,110010001,401,0.783203125,-0.216796875,,,
BufferA.Adc1Ch0[92], 0x1640,1640,164,16,00010110,4,0100,0001011001,0,001011001,89,0.173828125,0.173828125,,,
BufferA.Adc1Ch0[93], 0x44C0,44C0,44C,44,01000100,C,1100,0100010011,0,100010011,275,0.537109375,0.537109375,,,
BufferA.Adc1Ch0[94], 0x68C0,68C0,68C,68,01101000,C,1100,0110100011,0,110100011,419,0.818359375,0.818359375,,,
BufferA.Adc1Ch0[95], 0x7CC0,7CC0,7CC,7C,01111100,C,1100,0111110011,0,111110011,499,0.974609375,0.974609375,,,
BufferA.Adc1Ch0[96], 0x7DC0,7DC0,7DC,7D,01111101,C,1100,0111110111,0,111110111,503,0.982421875,0.982421875,,,
BufferA.Adc1Ch0[97], 0x6BC0,6BC0,6BC,6B,01101011,C,1100,0110101111,0,110101111,431,0.841796875,0.841796875,,,
BufferA.Adc1Ch0[98], 0x4940,4940,494,49,01001001,4,0100,0100100101,0,100100101,293,0.572265625,0.572265625,,,
BufferA.Adc1Ch0[99], 0x1BC0,1BC0,1BC,1B,00011011,C,1100,0001101111,0,001101111,111,0.216796875,0.216796875,,,
BufferA.Adc1Ch0[100], 0xE9C0,E9C0,E9C,E9,11101001,C,1100,1110100111,1,110100111,423,0.826171875,-0.173828125,,,
BufferA.Adc1Ch0[101], 0xBB40,BB40,BB4,BB,10111011,4,0100,1011101101,1,011101101,237,0.462890625,-0.537109375,,,
BufferA.Adc1Ch0[102], 0x9740,9740,974,97,10010111,4,0100,1001011101,1,001011101,93,0.181640625,-0.818359375,,,
BufferA.Adc1Ch0[103], 0x8340,8340,834,83,10000011,4,0100,1000001101,1,000001101,13,0.025390625,-0.974609375,,,
BufferA.Adc1Ch0[104], 0x8240,8240,824,82,10000010,4,0100,1000001001,1,000001001,9,0.017578125,-0.982421875,,,
BufferA.Adc1Ch0[105], 0x9440,9440,944,94,10010100,4,0100,1001010001,1,001010001,81,0.158203125,-0.841796875,,,
BufferA.Adc1Ch0[106], 0xB6C0,B6C0,B6C,B6,10110110,C,1100,1011011011,1,011011011,219,0.427734375,-0.572265625,,,
BufferA.Adc1Ch0[107], 0xE440,E440,E44,E4,11100100,4,0100,1110010001,1,110010001,401,0.783203125,-0.216796875,,,
BufferA.Adc1Ch0[108], 0x1640,1640,164,16,00010110,4,0100,0001011001,0,001011001,89,0.173828125,0.173828125,,,
BufferA.Adc1Ch0[109], 0x44C0,44C0,44C,44,01000100,C,1100,0100010011,0,100010011,275,0.537109375,0.537109375,,,
BufferA.Adc1Ch0[110], 0x68C0,68C0,68C,68,01101000,C,1100,0110100011,0,110100011,419,0.818359375,0.818359375,,,
BufferA.Adc1Ch0[111], 0x7CC0,7CC0,7CC,7C,01111100,C,1100,0111110011,0,111110011,499,0.974609375,0.974609375,,,
BufferA.Adc1Ch0[112], 0x7DC0,7DC0,7DC,7D,01111101,C,1100,0111110111,0,111110111,503,0.982421875,0.982421875,,,
BufferA.Adc1Ch0[113], 0x6BC0,6BC0,6BC,6B,01101011,C,1100,0110101111,0,110101111,431,0.841796875,0.841796875,,,
BufferA.Adc1Ch0[114], 0x4940,4940,494,49,01001001,4,0100,0100100101,0,100100101,293,0.572265625,0.572265625,,,
BufferA.Adc1Ch0[115], 0x1BC0,1BC0,1BC,1B,00011011,C,1100,0001101111,0,001101111,111,0.216796875,0.216796875,,,
BufferA.Adc1Ch0[116], 0xE9C0,E9C0,E9C,E9,11101001,C,1100,1110100111,1,110100111,423,0.826171875,-0.173828125,,,
BufferA.Adc1Ch0[117], 0xBB40,BB40,BB4,BB,10111011,4,0100,1011101101,1,011101101,237,0.462890625,-0.537109375,,,
BufferA.Adc1Ch0[118], 0x9740,9740,974,97,10010111,4,0100,1001011101,1,001011101,93,0.181640625,-0.818359375,,,
BufferA.Adc1Ch0[119], 0x8340,8340,834,83,10000011,4,0100,1000001101,1,000001101,13,0.025390625,-0.974609375,,,
BufferA.Adc1Ch0[120], 0x8240,8240,824,82,10000010,4,0100,1000001001,1,000001001,9,0.017578125,-0.982421875,,,
BufferA.Adc1Ch0[121], 0x9440,9440,944,94,10010100,4,0100,1001010001,1,001010001,81,0.158203125,-0.841796875,,,
BufferA.Adc1Ch0[122], 0xB6C0,B6C0,B6C,B6,10110110,C,1100,1011011011,1,011011011,219,0.427734375,-0.572265625,,,
BufferA.Adc1Ch0[123], 0xE440,E440,E44,E4,11100100,4,0100,1110010001,1,110010001,401,0.783203125,-0.216796875,,,
BufferA.Adc1Ch0[124], 0x1640,1640,164,16,00010110,4,0100,0001011001,0,001011001,89,0.173828125,0.173828125,,,
BufferA.Adc1Ch0[125], 0x44C0,44C0,44C,44,01000100,C,1100,0100010011,0,100010011,275,0.537109375,0.537109375,,,
BufferA.Adc1Ch0[126], 0x68C0,68C0,68C,68,01101000,C,1100,0110100011,0,110100011,419,0.818359375,0.818359375,,,
BufferA.Adc1Ch0[127], 0x7CC0,7CC0,7CC,7C,01111100,C,1100,0111110011,0,111110011,499,0.974609375,0.974609375,,,
BufferA.Adc1Ch1[0], 0x7800,,,,,,,,,,,,,,,
BufferA.Adc1Ch1[1], 0x5E40,,,,,,,,,,,,,,,
BufferA.Adc1Ch1[2], 0x3600,,,,,,,,,,,,,,,
BufferA.Adc1Ch1[3], 0x0580,,,,,,,,,,,,,,,
BufferA.Adc1Ch1[4], 0xD440,,,,,,,,,,,,,,,
BufferA.Adc1Ch1[5], 0xA9C0,,,,,,,,,,,,,,,
BufferA.Adc1Ch1[6], 0x8C40,,,,,,,,,,,,,,,
BufferA.Adc1Ch1[7], 0x8040,,,,,,,,,,,,,,,
BufferA.Adc1Ch1[8], 0x8800,,,,,,,,,,,,,,,
BufferA.Adc1Ch1[9], 0xA1C0,,,,,,,,,,,,,,,
BufferA.Adc1Ch1[10], 0xCA00,,,,,,,,,,,,,,,
BufferA.Adc1Ch1[11], 0xFA80,,,,,,,,,,,,,,,
BufferA.Adc1Ch1[12], 0x2BC0,,,,,,,,,,,,,,,
BufferA.Adc1Ch1[13], 0x5640,,,,,,,,,,,,,,,
BufferA.Adc1Ch1[14], 0x73C0,,,,,,,,,,,,,,,
BufferA.Adc1Ch1[15], 0x7FC0,,,,,,,,,,,,,,,
BufferA.Adc1Ch1[16], 0x7800,,,,,,,,,,,,,,,
BufferA.Adc1Ch1[17], 0x5E40,,,,,,,,,,,,,,,
BufferA.Adc1Ch1[18], 0x3600,,,,,,,,,,,,,,,
BufferA.Adc1Ch1[19], 0x0580,,,,,,,,,,,,,,,
BufferA.Adc1Ch1[20], 0xD440,,,,,,,,,,,,,,,
BufferA.Adc1Ch1[21], 0xA9C0,,,,,,,,,,,,,,,
BufferA.Adc1Ch1[22], 0x8C40,,,,,,,,,,,,,,,
BufferA.Adc1Ch1[23], 0x8040,,,,,,,,,,,,,,,
BufferA.Adc1Ch1[24], 0x8800,,,,,,,,,,,,,,,
BufferA.Adc1Ch1[25], 0xA1C0,,,,,,,,,,,,,,,
BufferA.Adc1Ch1[26], 0xCA00,,,,,,,,,,,,,,,
BufferA.Adc1Ch1[27], 0xFA80,,,,,,,,,,,,,,,
BufferA.Adc1Ch1[28], 0x2BC0,,,,,,,,,,,,,,,
BufferA.Adc1Ch1[29], 0x5640,,,,,,,,,,,,,,,
BufferA.Adc1Ch1[30], 0x73C0,,,,,,,,,,,,,,,
BufferA.Adc1Ch1[31], 0x7FC0,,,,,,,,,,,,,,,
BufferA.Adc1Ch1[32], 0x7800,,,,,,,,,,,,,,,
BufferA.Adc1Ch1[33], 0x5E40,,,,,,,,,,,,,,,
BufferA.Adc1Ch1[34], 0x3600,,,,,,,,,,,,,,,
BufferA.Adc1Ch1[35], 0x0580,,,,,,,,,,,,,,,
BufferA.Adc1Ch1[36], 0xD440,,,,,,,,,,,,,,,
BufferA.Adc1Ch1[37], 0xA9C0,,,,,,,,,,,,,,,
BufferA.Adc1Ch1[38], 0x8C40,,,,,,,,,,,,,,,
BufferA.Adc1Ch1[39], 0x8040,,,,,,,,,,,,,,,
BufferA.Adc1Ch1[40], 0x8800,,,,,,,,,,,,,,,
BufferA.Adc1Ch1[41], 0xA1C0,,,,,,,,,,,,,,,
BufferA.Adc1Ch1[42], 0xCA00,,,,,,,,,,,,,,,
BufferA.Adc1Ch1[43], 0xFA80,,,,,,,,,,,,,,,
BufferA.Adc1Ch1[44], 0x2BC0,,,,,,,,,,,,,,,
BufferA.Adc1Ch1[45], 0x5640,,,,,,,,,,,,,,,
BufferA.Adc1Ch1[46], 0x73C0,,,,,,,,,,,,,,,
BufferA.Adc1Ch1[47], 0x7FC0,,,,,,,,,,,,,,,
BufferA.Adc1Ch1[48], 0x7800,,,,,,,,,,,,,,,
BufferA.Adc1Ch1[49], 0x5E40,,,,,,,,,,,,,,,
BufferA.Adc1Ch1[50], 0x3600,,,,,,,,,,,,,,,
BufferA.Adc1Ch1[51], 0x0580,,,,,,,,,,,,,,,
BufferA.Adc1Ch1[52], 0xD440,,,,,,,,,,,,,,,
BufferA.Adc1Ch1[53], 0xA9C0,,,,,,,,,,,,,,,
BufferA.Adc1Ch1[54], 0x8C40,,,,,,,,,,,,,,,
BufferA.Adc1Ch1[55], 0x8040,,,,,,,,,,,,,,,
BufferA.Adc1Ch1[56], 0x8800,,,,,,,,,,,,,,,
BufferA.Adc1Ch1[57], 0xA1C0,,,,,,,,,,,,,,,
BufferA.Adc1Ch1[58], 0xCA00,,,,,,,,,,,,,,,
BufferA.Adc1Ch1[59], 0xFA80,,,,,,,,,,,,,,,
BufferA.Adc1Ch1[60], 0x2BC0,,,,,,,,,,,,,,,
BufferA.Adc1Ch1[61], 0x5640,,,,,,,,,,,,,,,
BufferA.Adc1Ch1[62], 0x73C0,,,,,,,,,,,,,,,
BufferA.Adc1Ch1[63], 0x7FC0,,,,,,,,,,,,,,,
BufferA.Adc1Ch1[64], 0x7800,,,,,,,,,,,,,,,
BufferA.Adc1Ch1[65], 0x5E40,,,,,,,,,,,,,,,
BufferA.Adc1Ch1[66], 0x3600,,,,,,,,,,,,,,,
BufferA.Adc1Ch1[67], 0x0580,,,,,,,,,,,,,,,
BufferA.Adc1Ch1[68], 0xD440,,,,,,,,,,,,,,,
BufferA.Adc1Ch1[69], 0xA9C0,,,,,,,,,,,,,,,
BufferA.Adc1Ch1[70], 0x8C40,,,,,,,,,,,,,,,
BufferA.Adc1Ch1[71], 0x8040,,,,,,,,,,,,,,,
BufferA.Adc1Ch1[72], 0x8800,,,,,,,,,,,,,,,
BufferA.Adc1Ch1[73], 0xA1C0,,,,,,,,,,,,,,,
BufferA.Adc1Ch1[74], 0xCA00,,,,,,,,,,,,,,,
BufferA.Adc1Ch1[75], 0xFA80,,,,,,,,,,,,,,,
BufferA.Adc1Ch1[76], 0x2BC0,,,,,,,,,,,,,,,
BufferA.Adc1Ch1[77], 0x5640,,,,,,,,,,,,,,,
BufferA.Adc1Ch1[78], 0x73C0,,,,,,,,,,,,,,,
BufferA.Adc1Ch1[79], 0x7FC0,,,,,,,,,,,,,,,
BufferA.Adc1Ch1[80], 0x7800,,,,,,,,,,,,,,,
BufferA.Adc1Ch1[81], 0x5E40,,,,,,,,,,,,,,,
BufferA.Adc1Ch1[82], 0x3600,,,,,,,,,,,,,,,
BufferA.Adc1Ch1[83], 0x0580,,,,,,,,,,,,,,,
BufferA.Adc1Ch1[84], 0xD440,,,,,,,,,,,,,,,
BufferA.Adc1Ch1[85], 0xA9C0,,,,,,,,,,,,,,,
BufferA.Adc1Ch1[86], 0x8C40,,,,,,,,,,,,,,,
BufferA.Adc1Ch1[87], 0x8040,,,,,,,,,,,,,,,
BufferA.Adc1Ch1[88], 0x8800,,,,,,,,,,,,,,,
BufferA.Adc1Ch1[89], 0xA1C0,,,,,,,,,,,,,,,
BufferA.Adc1Ch1[90], 0xCA00,,,,,,,,,,,,,,,
BufferA.Adc1Ch1[91], 0xFA80,,,,,,,,,,,,,,,
BufferA.Adc1Ch1[92], 0x2BC0,,,,,,,,,,,,,,,
BufferA.Adc1Ch1[93], 0x5640,,,,,,,,,,,,,,,
BufferA.Adc1Ch1[94], 0x73C0,,,,,,,,,,,,,,,
BufferA.Adc1Ch1[95], 0x7FC0,,,,,,,,,,,,,,,
BufferA.Adc1Ch1[96], 0x7800,,,,,,,,,,,,,,,
BufferA.Adc1Ch1[97], 0x5E40,,,,,,,,,,,,,,,
BufferA.Adc1Ch1[98], 0x3600,,,,,,,,,,,,,,,
BufferA.Adc1Ch1[99], 0x0580,,,,,,,,,,,,,,,
BufferA.Adc1Ch1[100], 0xD440,,,,,,,,,,,,,,,
BufferA.Adc1Ch1[101], 0xA9C0,,,,,,,,,,,,,,,
BufferA.Adc1Ch1[102], 0x8C40,,,,,,,,,,,,,,,
BufferA.Adc1Ch1[103], 0x8040,,,,,,,,,,,,,,,
BufferA.Adc1Ch1[104], 0x8800,,,,,,,,,,,,,,,
BufferA.Adc1Ch1[105], 0xA1C0,,,,,,,,,,,,,,,
BufferA.Adc1Ch1[106], 0xCA00,,,,,,,,,,,,,,,
BufferA.Adc1Ch1[107], 0xFA80,,,,,,,,,,,,,,,
BufferA.Adc1Ch1[108], 0x2BC0,,,,,,,,,,,,,,,
BufferA.Adc1Ch1[109], 0x5640,,,,,,,,,,,,,,,
BufferA.Adc1Ch1[110], 0x73C0,,,,,,,,,,,,,,,
BufferA.Adc1Ch1[111], 0x7FC0,,,,,,,,,,,,,,,
BufferA.Adc1Ch1[112], 0x7800,,,,,,,,,,,,,,,
BufferA.Adc1Ch1[113], 0x5E40,,,,,,,,,,,,,,,
BufferA.Adc1Ch1[114], 0x3600,,,,,,,,,,,,,,,
BufferA.Adc1Ch1[115], 0x0580,,,,,,,,,,,,,,,
BufferA.Adc1Ch1[116], 0xD440,,,,,,,,,,,,,,,
BufferA.Adc1Ch1[117], 0xA9C0,,,,,,,,,,,,,,,
BufferA.Adc1Ch1[118], 0x8C40,,,,,,,,,,,,,,,
BufferA.Adc1Ch1[119], 0x8040,,,,,,,,,,,,,,,
BufferA.Adc1Ch1[120], 0x8800,,,,,,,,,,,,,,,
BufferA.Adc1Ch1[121], 0xA1C0,,,,,,,,,,,,,,,
BufferA.Adc1Ch1[122], 0xCA00,,,,,,,,,,,,,,,
BufferA.Adc1Ch1[123], 0xFA80,,,,,,,,,,,,,,,
BufferA.Adc1Ch1[124], 0x2BC0,,,,,,,,,,,,,,,
BufferA.Adc1Ch1[125], 0x5640,,,,,,,,,,,,,,,
BufferA.Adc1Ch1[126], 0x73C0,,,,,,,,,,,,,,,
BufferA.Adc1Ch1[127], 0x7FC0,,,,,,,,,,,,,,,
BufferA.Adc1Ch2[0], 0x6EC0,,,,,,,,,,,,,,,
BufferA.Adc1Ch2[1], 0x4DC0,,,,,,,,,,,,,,,
BufferA.Adc1Ch2[2], 0x2100,,,,,,,,,,,,,,,
BufferA.Adc1Ch2[3], 0xEF40,,,,,,,,,,,,,,,
BufferA.Adc1Ch2[4], 0xC040,,,,,,,,,,,,,,,
BufferA.Adc1Ch2[5], 0x9AC0,,,,,,,,,,,,,,,
BufferA.Adc1Ch2[6], 0x8480,,,,,,,,,,,,,,,
BufferA.Adc1Ch2[7], 0x8140,,,,,,,,,,,,,,,
BufferA.Adc1Ch2[8], 0x9140,,,,,,,,,,,,,,,
BufferA.Adc1Ch2[9], 0xB240,,,,,,,,,,,,,,,
BufferA.Adc1Ch2[10], 0xDF00,,,,,,,,,,,,,,,
BufferA.Adc1Ch2[11], 0x10C0,,,,,,,,,,,,,,,
BufferA.Adc1Ch2[12], 0x3FC0,,,,,,,,,,,,,,,
BufferA.Adc1Ch2[13], 0x6540,,,,,,,,,,,,,,,
BufferA.Adc1Ch2[14], 0x7B80,,,,,,,,,,,,,,,
BufferA.Adc1Ch2[15], 0x7EC0,,,,,,,,,,,,,,,
BufferA.Adc1Ch2[16], 0x6EC0,,,,,,,,,,,,,,,
BufferA.Adc1Ch2[17], 0x4DC0,,,,,,,,,,,,,,,
BufferA.Adc1Ch2[18], 0x2100,,,,,,,,,,,,,,,
BufferA.Adc1Ch2[19], 0xEF40,,,,,,,,,,,,,,,
BufferA.Adc1Ch2[20], 0xC040,,,,,,,,,,,,,,,
BufferA.Adc1Ch2[21], 0x9AC0,,,,,,,,,,,,,,,
BufferA.Adc1Ch2[22], 0x8480,,,,,,,,,,,,,,,
BufferA.Adc1Ch2[23], 0x8140,,,,,,,,,,,,,,,
BufferA.Adc1Ch2[24], 0x9140,,,,,,,,,,,,,,,
BufferA.Adc1Ch2[25], 0xB240,,,,,,,,,,,,,,,
BufferA.Adc1Ch2[26], 0xDF00,,,,,,,,,,,,,,,
BufferA.Adc1Ch2[27], 0x10C0,,,,,,,,,,,,,,,
BufferA.Adc1Ch2[28], 0x3FC0,,,,,,,,,,,,,,,
BufferA.Adc1Ch2[29], 0x6540,,,,,,,,,,,,,,,
BufferA.Adc1Ch2[30], 0x7B80,,,,,,,,,,,,,,,
BufferA.Adc1Ch2[31], 0x7EC0,,,,,,,,,,,,,,,
BufferA.Adc1Ch2[32], 0x6EC0,,,,,,,,,,,,,,,
BufferA.Adc1Ch2[33], 0x4DC0,,,,,,,,,,,,,,,
BufferA.Adc1Ch2[34], 0x2100,,,,,,,,,,,,,,,
BufferA.Adc1Ch2[35], 0xEF40,,,,,,,,,,,,,,,
BufferA.Adc1Ch2[36], 0xC040,,,,,,,,,,,,,,,
BufferA.Adc1Ch2[37], 0x9AC0,,,,,,,,,,,,,,,
BufferA.Adc1Ch2[38], 0x8480,,,,,,,,,,,,,,,
BufferA.Adc1Ch2[39], 0x8140,,,,,,,,,,,,,,,
BufferA.Adc1Ch2[40], 0x9140,,,,,,,,,,,,,,,
BufferA.Adc1Ch2[41], 0xB240,,,,,,,,,,,,,,,
BufferA.Adc1Ch2[42], 0xDF00,,,,,,,,,,,,,,,
BufferA.Adc1Ch2[43], 0x10C0,,,,,,,,,,,,,,,
BufferA.Adc1Ch2[44], 0x3FC0,,,,,,,,,,,,,,,
BufferA.Adc1Ch2[45], 0x6540,,,,,,,,,,,,,,,
BufferA.Adc1Ch2[46], 0x7B80,,,,,,,,,,,,,,,
BufferA.Adc1Ch2[47], 0x7EC0,,,,,,,,,,,,,,,
BufferA.Adc1Ch2[48], 0x6EC0,,,,,,,,,,,,,,,
BufferA.Adc1Ch2[49], 0x4DC0,,,,,,,,,,,,,,,
BufferA.Adc1Ch2[50], 0x2100,,,,,,,,,,,,,,,
BufferA.Adc1Ch2[51], 0xEF40,,,,,,,,,,,,,,,
BufferA.Adc1Ch2[52], 0xC040,,,,,,,,,,,,,,,
BufferA.Adc1Ch2[53], 0x9AC0,,,,,,,,,,,,,,,
BufferA.Adc1Ch2[54], 0x8480,,,,,,,,,,,,,,,
BufferA.Adc1Ch2[55], 0x8140,,,,,,,,,,,,,,,
BufferA.Adc1Ch2[56], 0x9140,,,,,,,,,,,,,,,
BufferA.Adc1Ch2[57], 0xB240,,,,,,,,,,,,,,,
BufferA.Adc1Ch2[58], 0xDF00,,,,,,,,,,,,,,,
BufferA.Adc1Ch2[59], 0x10C0,,,,,,,,,,,,,,,
BufferA.Adc1Ch2[60], 0x3FC0,,,,,,,,,,,,,,,
BufferA.Adc1Ch2[61], 0x6540,,,,,,,,,,,,,,,
BufferA.Adc1Ch2[62], 0x7B80,,,,,,,,,,,,,,,
BufferA.Adc1Ch2[63], 0x7EC0,,,,,,,,,,,,,,,
BufferA.Adc1Ch2[64], 0x6EC0,,,,,,,,,,,,,,,
BufferA.Adc1Ch2[65], 0x4DC0,,,,,,,,,,,,,,,
BufferA.Adc1Ch2[66], 0x2100,,,,,,,,,,,,,,,
BufferA.Adc1Ch2[67], 0xEF40,,,,,,,,,,,,,,,
BufferA.Adc1Ch2[68], 0xC040,,,,,,,,,,,,,,,
BufferA.Adc1Ch2[69], 0x9AC0,,,,,,,,,,,,,,,
BufferA.Adc1Ch2[70], 0x8480,,,,,,,,,,,,,,,
BufferA.Adc1Ch2[71], 0x8140,,,,,,,,,,,,,,,
BufferA.Adc1Ch2[72], 0x9140,,,,,,,,,,,,,,,
BufferA.Adc1Ch2[73], 0xB240,,,,,,,,,,,,,,,
BufferA.Adc1Ch2[74], 0xDF00,,,,,,,,,,,,,,,
BufferA.Adc1Ch2[75], 0x10C0,,,,,,,,,,,,,,,
BufferA.Adc1Ch2[76], 0x3FC0,,,,,,,,,,,,,,,
BufferA.Adc1Ch2[77], 0x6540,,,,,,,,,,,,,,,
BufferA.Adc1Ch2[78], 0x7B80,,,,,,,,,,,,,,,
BufferA.Adc1Ch2[79], 0x7EC0,,,,,,,,,,,,,,,
BufferA.Adc1Ch2[80], 0x6EC0,,,,,,,,,,,,,,,
BufferA.Adc1Ch2[81], 0x4DC0,,,,,,,,,,,,,,,
BufferA.Adc1Ch2[82], 0x2100,,,,,,,,,,,,,,,
BufferA.Adc1Ch2[83], 0xEF40,,,,,,,,,,,,,,,
BufferA.Adc1Ch2[84], 0xC040,,,,,,,,,,,,,,,
BufferA.Adc1Ch2[85], 0x9AC0,,,,,,,,,,,,,,,
BufferA.Adc1Ch2[86], 0x8480,,,,,,,,,,,,,,,
BufferA.Adc1Ch2[87], 0x8140,,,,,,,,,,,,,,,
BufferA.Adc1Ch2[88], 0x9140,,,,,,,,,,,,,,,
BufferA.Adc1Ch2[89], 0xB240,,,,,,,,,,,,,,,
BufferA.Adc1Ch2[90], 0xDF00,,,,,,,,,,,,,,,
BufferA.Adc1Ch2[91], 0x10C0,,,,,,,,,,,,,,,
BufferA.Adc1Ch2[92], 0x3FC0,,,,,,,,,,,,,,,
BufferA.Adc1Ch2[93], 0x6540,,,,,,,,,,,,,,,
BufferA.Adc1Ch2[94], 0x7B80,,,,,,,,,,,,,,,
BufferA.Adc1Ch2[95], 0x7EC0,,,,,,,,,,,,,,,
BufferA.Adc1Ch2[96], 0x6EC0,,,,,,,,,,,,,,,
BufferA.Adc1Ch2[97], 0x4DC0,,,,,,,,,,,,,,,
BufferA.Adc1Ch2[98], 0x2100,,,,,,,,,,,,,,,
BufferA.Adc1Ch2[99], 0xEF40,,,,,,,,,,,,,,,
BufferA.Adc1Ch2[100], 0xC040,,,,,,,,,,,,,,,
BufferA.Adc1Ch2[101], 0x9AC0,,,,,,,,,,,,,,,
BufferA.Adc1Ch2[102], 0x8480,,,,,,,,,,,,,,,
BufferA.Adc1Ch2[103], 0x8140,,,,,,,,,,,,,,,
BufferA.Adc1Ch2[104], 0x9140,,,,,,,,,,,,,,,
BufferA.Adc1Ch2[105], 0xB240,,,,,,,,,,,,,,,
BufferA.Adc1Ch2[106], 0xDF00,,,,,,,,,,,,,,,
BufferA.Adc1Ch2[107], 0x10C0,,,,,,,,,,,,,,,
BufferA.Adc1Ch2[108], 0x3FC0,,,,,,,,,,,,,,,
BufferA.Adc1Ch2[109], 0x6540,,,,,,,,,,,,,,,
BufferA.Adc1Ch2[110], 0x7B80,,,,,,,,,,,,,,,
BufferA.Adc1Ch2[111], 0x7EC0,,,,,,,,,,,,,,,
BufferA.Adc1Ch2[112], 0x6EC0,,,,,,,,,,,,,,,
BufferA.Adc1Ch2[113], 0x4DC0,,,,,,,,,,,,,,,
BufferA.Adc1Ch2[114], 0x2100,,,,,,,,,,,,,,,
BufferA.Adc1Ch2[115], 0xEF40,,,,,,,,,,,,,,,
BufferA.Adc1Ch2[116], 0xC040,,,,,,,,,,,,,,,
BufferA.Adc1Ch2[117], 0x9AC0,,,,,,,,,,,,,,,
BufferA.Adc1Ch2[118], 0x8480,,,,,,,,,,,,,,,
BufferA.Adc1Ch2[119], 0x8140,,,,,,,,,,,,,,,
BufferA.Adc1Ch2[120], 0x9140,,,,,,,,,,,,,,,
BufferA.Adc1Ch2[121], 0xB240,,,,,,,,,,,,,,,
BufferA.Adc1Ch2[122], 0xDF00,,,,,,,,,,,,,,,
BufferA.Adc1Ch2[123], 0x10C0,,,,,,,,,,,,,,,
BufferA.Adc1Ch2[124], 0x3FC0,,,,,,,,,,,,,,,
BufferA.Adc1Ch2[125], 0x6540,,,,,,,,,,,,,,,
BufferA.Adc1Ch2[126], 0x7B80,,,,,,,,,,,,,,,
BufferA.Adc1Ch2[127], 0x7EC0,,,,,,,,,,,,,,,
BufferA.Adc1Ch3[0], 0x7FC0,,,,,,,,,,,,,,,
BufferA.Adc1Ch3[1], 0x7600,,,,,,,,,,,,,,,
BufferA.Adc1Ch3[2], 0x5A40,,,,,,,,,,,,,,,
BufferA.Adc1Ch3[3], 0x3100,,,,,,,,,,,,,,,
BufferA.Adc1Ch3[4], 0x0000,,,,,,,,,,,,,,,
BufferA.Adc1Ch3[5], 0xCF00,,,,,,,,,,,,,,,
BufferA.Adc1Ch3[6], 0xA5C0,,,,,,,,,,,,,,,
BufferA.Adc1Ch3[7], 0x8A00,,,,,,,,,,,,,,,
BufferA.Adc1Ch3[8], 0x8040,,,,,,,,,,,,,,,
BufferA.Adc1Ch3[9], 0x8A00,,,,,,,,,,,,,,,
BufferA.Adc1Ch3[10], 0xA5C0,,,,,,,,,,,,,,,
BufferA.Adc1Ch3[11], 0xCF00,,,,,,,,,,,,,,,
BufferA.Adc1Ch3[12], 0x0000,,,,,,,,,,,,,,,
BufferA.Adc1Ch3[13], 0x3100,,,,,,,,,,,,,,,
BufferA.Adc1Ch3[14], 0x5A40,,,,,,,,,,,,,,,
BufferA.Adc1Ch3[15], 0x7600,,,,,,,,,,,,,,,
BufferA.Adc1Ch3[16], 0x7FC0,,,,,,,,,,,,,,,
BufferA.Adc1Ch3[17], 0x7600,,,,,,,,,,,,,,,
BufferA.Adc1Ch3[18], 0x5A40,,,,,,,,,,,,,,,
BufferA.Adc1Ch3[19], 0x3100,,,,,,,,,,,,,,,
BufferA.Adc1Ch3[20], 0x0000,,,,,,,,,,,,,,,
BufferA.Adc1Ch3[21], 0xCF00,,,,,,,,,,,,,,,
BufferA.Adc1Ch3[22], 0xA5C0,,,,,,,,,,,,,,,
BufferA.Adc1Ch3[23], 0x8A00,,,,,,,,,,,,,,,
BufferA.Adc1Ch3[24], 0x8040,,,,,,,,,,,,,,,
BufferA.Adc1Ch3[25], 0x8A00,,,,,,,,,,,,,,,
BufferA.Adc1Ch3[26], 0xA5C0,,,,,,,,,,,,,,,
BufferA.Adc1Ch3[27], 0xCF00,,,,,,,,,,,,,,,
BufferA.Adc1Ch3[28], 0x0000,,,,,,,,,,,,,,,
BufferA.Adc1Ch3[29], 0x3100,,,,,,,,,,,,,,,
BufferA.Adc1Ch3[30], 0x5A40,,,,,,,,,,,,,,,
BufferA.Adc1Ch3[31], 0x7600,,,,,,,,,,,,,,,
BufferA.Adc1Ch3[32], 0x7FC0,,,,,,,,,,,,,,,
BufferA.Adc1Ch3[33], 0x7600,,,,,,,,,,,,,,,
BufferA.Adc1Ch3[34], 0x5A40,,,,,,,,,,,,,,,
BufferA.Adc1Ch3[35], 0x3100,,,,,,,,,,,,,,,
BufferA.Adc1Ch3[36], 0x0000,,,,,,,,,,,,,,,
BufferA.Adc1Ch3[37], 0xCF00,,,,,,,,,,,,,,,
BufferA.Adc1Ch3[38], 0xA5C0,,,,,,,,,,,,,,,
BufferA.Adc1Ch3[39], 0x8A00,,,,,,,,,,,,,,,
BufferA.Adc1Ch3[40], 0x8040,,,,,,,,,,,,,,,
BufferA.Adc1Ch3[41], 0x8A00,,,,,,,,,,,,,,,
BufferA.Adc1Ch3[42], 0xA5C0,,,,,,,,,,,,,,,
BufferA.Adc1Ch3[43], 0xCF00,,,,,,,,,,,,,,,
BufferA.Adc1Ch3[44], 0x0000,,,,,,,,,,,,,,,
BufferA.Adc1Ch3[45], 0x3100,,,,,,,,,,,,,,,
BufferA.Adc1Ch3[46], 0x5A40,,,,,,,,,,,,,,,
BufferA.Adc1Ch3[47], 0x7600,,,,,,,,,,,,,,,
BufferA.Adc1Ch3[48], 0x7FC0,,,,,,,,,,,,,,,
BufferA.Adc1Ch3[49], 0x7600,,,,,,,,,,,,,,,
BufferA.Adc1Ch3[50], 0x5A40,,,,,,,,,,,,,,,
BufferA.Adc1Ch3[51], 0x3100,,,,,,,,,,,,,,,
BufferA.Adc1Ch3[52], 0x0000,,,,,,,,,,,,,,,
BufferA.Adc1Ch3[53], 0xCF00,,,,,,,,,,,,,,,
BufferA.Adc1Ch3[54], 0xA5C0,,,,,,,,,,,,,,,
BufferA.Adc1Ch3[55], 0x8A00,,,,,,,,,,,,,,,
BufferA.Adc1Ch3[56], 0x8040,,,,,,,,,,,,,,,
BufferA.Adc1Ch3[57], 0x8A00,,,,,,,,,,,,,,,
BufferA.Adc1Ch3[58], 0xA5C0,,,,,,,,,,,,,,,
BufferA.Adc1Ch3[59], 0xCF00,,,,,,,,,,,,,,,
BufferA.Adc1Ch3[60], 0x0000,,,,,,,,,,,,,,,
BufferA.Adc1Ch3[61], 0x3100,,,,,,,,,,,,,,,
BufferA.Adc1Ch3[62], 0x5A40,,,,,,,,,,,,,,,
BufferA.Adc1Ch3[63], 0x7600,,,,,,,,,,,,,,,
BufferA.Adc1Ch3[64], 0x7FC0,,,,,,,,,,,,,,,
BufferA.Adc1Ch3[65], 0x7600,,,,,,,,,,,,,,,
BufferA.Adc1Ch3[66], 0x5A40,,,,,,,,,,,,,,,
BufferA.Adc1Ch3[67], 0x3100,,,,,,,,,,,,,,,
BufferA.Adc1Ch3[68], 0x0000,,,,,,,,,,,,,,,
BufferA.Adc1Ch3[69], 0xCF00,,,,,,,,,,,,,,,
BufferA.Adc1Ch3[70], 0xA5C0,,,,,,,,,,,,,,,
BufferA.Adc1Ch3[71], 0x8A00,,,,,,,,,,,,,,,
BufferA.Adc1Ch3[72], 0x8040,,,,,,,,,,,,,,,
BufferA.Adc1Ch3[73], 0x8A00,,,,,,,,,,,,,,,
BufferA.Adc1Ch3[74], 0xA5C0,,,,,,,,,,,,,,,
BufferA.Adc1Ch3[75], 0xCF00,,,,,,,,,,,,,,,
BufferA.Adc1Ch3[76], 0x0000,,,,,,,,,,,,,,,
BufferA.Adc1Ch3[77], 0x3100,,,,,,,,,,,,,,,
BufferA.Adc1Ch3[78], 0x5A40,,,,,,,,,,,,,,,
BufferA.Adc1Ch3[79], 0x7600,,,,,,,,,,,,,,,
BufferA.Adc1Ch3[80], 0x7FC0,,,,,,,,,,,,,,,
BufferA.Adc1Ch3[81], 0x7600,,,,,,,,,,,,,,,
BufferA.Adc1Ch3[82], 0x5A40,,,,,,,,,,,,,,,
BufferA.Adc1Ch3[83], 0x3100,,,,,,,,,,,,,,,
BufferA.Adc1Ch3[84], 0x0000,,,,,,,,,,,,,,,
BufferA.Adc1Ch3[85], 0xCF00,,,,,,,,,,,,,,,
BufferA.Adc1Ch3[86], 0xA5C0,,,,,,,,,,,,,,,
BufferA.Adc1Ch3[87], 0x8A00,,,,,,,,,,,,,,,
BufferA.Adc1Ch3[88], 0x8040,,,,,,,,,,,,,,,
BufferA.Adc1Ch3[89], 0x8A00,,,,,,,,,,,,,,,
BufferA.Adc1Ch3[90], 0xA5C0,,,,,,,,,,,,,,,
BufferA.Adc1Ch3[91], 0xCF00,,,,,,,,,,,,,,,
BufferA.Adc1Ch3[92], 0x0000,,,,,,,,,,,,,,,
BufferA.Adc1Ch3[93], 0x3100,,,,,,,,,,,,,,,
BufferA.Adc1Ch3[94], 0x5A40,,,,,,,,,,,,,,,
BufferA.Adc1Ch3[95], 0x7600,,,,,,,,,,,,,,,
BufferA.Adc1Ch3[96], 0x7FC0,,,,,,,,,,,,,,,
BufferA.Adc1Ch3[97], 0x7600,,,,,,,,,,,,,,,
BufferA.Adc1Ch3[98], 0x5A40,,,,,,,,,,,,,,,
BufferA.Adc1Ch3[99], 0x3100,,,,,,,,,,,,,,,
BufferA.Adc1Ch3[100], 0x0000,,,,,,,,,,,,,,,
BufferA.Adc1Ch3[101], 0xCF00,,,,,,,,,,,,,,,
BufferA.Adc1Ch3[102], 0xA5C0,,,,,,,,,,,,,,,
BufferA.Adc1Ch3[103], 0x8A00,,,,,,,,,,,,,,,
BufferA.Adc1Ch3[104], 0x8040,,,,,,,,,,,,,,,
BufferA.Adc1Ch3[105], 0x8A00,,,,,,,,,,,,,,,
BufferA.Adc1Ch3[106], 0xA5C0,,,,,,,,,,,,,,,
BufferA.Adc1Ch3[107], 0xCF00,,,,,,,,,,,,,,,
BufferA.Adc1Ch3[108], 0x0000,,,,,,,,,,,,,,,
BufferA.Adc1Ch3[109], 0x3100,,,,,,,,,,,,,,,
BufferA.Adc1Ch3[110], 0x5A40,,,,,,,,,,,,,,,
BufferA.Adc1Ch3[111], 0x7600,,,,,,,,,,,,,,,
BufferA.Adc1Ch3[112], 0x7FC0,,,,,,,,,,,,,,,
BufferA.Adc1Ch3[113], 0x7600,,,,,,,,,,,,,,,
BufferA.Adc1Ch3[114], 0x5A40,,,,,,,,,,,,,,,
BufferA.Adc1Ch3[115], 0x3100,,,,,,,,,,,,,,,
BufferA.Adc1Ch3[116], 0x0000,,,,,,,,,,,,,,,
BufferA.Adc1Ch3[117], 0xCF00,,,,,,,,,,,,,,,
BufferA.Adc1Ch3[118], 0xA5C0,,,,,,,,,,,,,,,
BufferA.Adc1Ch3[119], 0x8A00,,,,,,,,,,,,,,,
BufferA.Adc1Ch3[120], 0x8040,,,,,,,,,,,,,,,
BufferA.Adc1Ch3[121], 0x8A00,,,,,,,,,,,,,,,
BufferA.Adc1Ch3[122], 0xA5C0,,,,,,,,,,,,,,,
BufferA.Adc1Ch3[123], 0xCF00,,,,,,,,,,,,,,,
BufferA.Adc1Ch3[124], 0x0000,,,,,,,,,,,,,,,
BufferA.Adc1Ch3[125], 0x3100,,,,,,,,,,,,,,,
BufferA.Adc1Ch3[126], 0x5A40,,,,,,,,,,,,,,,
BufferA.Adc1Ch3[127], 0x7600,,,,,,,,,,,,,,,
